id,titulo
1354,1.1.1.1. Número de municipios por provincia
28867,1.1.1.2. Extensión superficial
18292,"1.1.1.3. Latitud, longitud y altitud sobre el nivel de mar"
28857,1.1.1.4. Extensión superficial por zonas altimétricas
44460,1.1.1.5. Distribución general de la tierra
1387,1.1.1.6. Número de núcleos de población que componen el municipio
21532,1.1.1.7. Grado de urbanización y porcentaje de población según tipología de celda
1389,1.1.1.8. Densidad de población
1391,1.1.2.1. Distancia a la capital
1392,1.1.3.1. Suelos según litología
1394,1.1.3.2. Suelos según pendiente
18297,1.1.3.3. Pérdidas de suelo por erosión
87703,1.1.3.4.1. Ocupación del suelo. Grandes grupos
17870,1.1.3.4.2. Superficie agrícola
17872,1.1.3.4.3. Superficie artificial
17874,1.1.3.4.4. Superficie forestal
17876,1.1.3.4.5. Zonas húmedas
17976,1.1.3.5.1. Usos del suelo y coberturas vegetales. Grandes grupos (1991-2007)
17977,1.1.3.5.2. Superficies construidas y alteradas (1991-2007)
17978,1.1.3.5.3. Superficies agrícolas (1991-2007)
17981,1.1.3.5.4. Superficies forestales y naturales (1991-2007)
17985,1.1.3.5.5. Zonas húmedas y superficies de agua (1991-2007)
1427,1.2.1. Número de espacios naturales protegidos
1431,1.2.2. Superficie de espacios naturales protegidos
108481,1.2.3. Vías pecuarias por tipo de via
21969,1.2.4. Residuos urbanos
90554,1.2.5. Recogida selectiva por tipo de residuo
114116,2.1.1.1.1. Población por sexo
78108,2.1.1.1.2. Población por sexo y edad simple
77922,2.1.1.1.3. Población por sexo y relación entre lugar de nacimiento y de residencia
77921,"2.1.1.1.4. Población por sexo, edad (grandes grupos) y nacionalidad (española/extranjera)"
77923,"2.1.1.1.5. Población por sexo, nacionalidad (española/extranjera) y nivel de estudios (agregado)"
112764,2.1.1.1.6. Población por sexo y nacionalidad (grandes grupos)
21991,2.1.1.2.1. Población residente en núcleos de población y diseminados por sexo
21971,2.1.1.3.1. Población por sexo
21974,2.1.1.3.2. Población por edad simple y sexo
21992,2.1.1.3.3. Población según la relación entre el lugar de nacimiento y la residencia por sexo
22025,2.1.1.3.4. Población extranjera por continente y sexo
22026,"2.1.1.3.5. Población extranjera por continente, grupos de edad y sexo"
22030,2.1.1.3.6. Población extranjera por nacionalidad y sexo: UE
22060,2.1.1.3.7. Población extranjera según principales nacionalidades y sexo
22066,2.1.1.4.1.1. Población por sexo
22070,2.1.1.4.1.2. Población por sexo y grupos de edad
22072,2.1.1.4.1.3. Población por sexo y relación entre el lugar de nacimiento y residencia
22073,2.1.1.4.1.4. Población por sexo y nacionalidad (Española/Extranjera)
22074,2.1.1.4.1.5. Población por sexo y nacionalidad (grandes grupos)
22078,"2.1.1.4.1.6. Población por sexo, edad (grandes grupos) y nacionalidad (española/extranjera)"
23742,2.1.1.4.2.1. Población por sexo (Censos 1900-2001)
23744,"2.1.1.4.2.2. Población por grupos de edad y sexo (Censos 1991, 2001)"
40747,2.1.1.4.2.3. Población según la relación entre el lugar de nacimiento y la residencia por sexo (Censo 2001)
40750,2.1.1.4.2.4. Población extranjera por sexo (Censo 2001)
23832,"2.1.1.4.2.5. Población extranjera por continente y sexo (Censos 1991, 2001)"
23834,2.1.1.4.2.6. Población extranjera por nacionalidad y sexo: UE15 (Censo 2001)
40770,2.1.1.4.2.7. Población de 16 y más años clasificada según nivel de estudios y sexo (Censo)
23853,"2.1.1.4.2.8. Tasa de escolaridad por grupos de edad (Censos 1981, 1991)"
23848,2.1.1.4.2.9. Tasa de analfabetismo por sexo (Censo 2001)
89347,2.1.2.1.1. Tamaño medio del hogar y porcentaje de hogares unifamiliares
108130,2.1.2.2.1. Hogares según tamaño del hogar
22080,2.1.2.3.1. Hogares según su tamaño
22081,2.1.2.3.2. Núcleos familiares según tipo
40772,2.1.2.3.3. Principales indicadores
1800,2.1.2.4.1. Número de hogares según su estructura
1790,2.1.2.4.2. Número de hogares unipersonales según su estructura
1792,2.1.2.4.3. Número de hogares con un adulto y algún menor según su estructura
1794,2.1.2.4.4. Número de hogares con dos adultos según su estructura
1796,2.1.2.4.5. Número de hogares con tres adultos según su estructura
1798,2.1.2.4.6. Número de hogares con cuatro o más adultos según su estructura
22084,"2.2.1. Nacimientos, defunciones y crecimiento vegetativo por sexo"
22198,2.2.2. Nacimientos por sexo del recién nacido y residencia materna
22394,2.2.3. Nacimientos por edad de la madre y residencia materna
22398,2.2.4. Matrimonios según lugar donde fijan su residencia
22400,2.2.5. Matrimonios según lugar donde fijan su residencia y mes de celebración
22401,2.2.6. Defunciones por lugar de residencia y sexo
22402,2.2.7. Defunciones por grupos de edad y sexo
22403,2.2.8. Defunciones por estado civil y sexo
101690,2.3.1.1. Saldo migratorio según sexo y tipo de migración
101802,2.3.1.2.1. Emigraciones por municipio de origen y lugar de destino según sexo
101806,2.3.1.2.2. Emigraciones por municipio de origen y grupos de edad según sexo
101810,2.3.1.2.3. Emigraciones interiores por municipio de origen según sexo
101818,2.3.1.2.4. Emigraciones interiores por municipio de origen y grupos de edad según sexo
101811,2.3.1.2.5. Emigraciones interiores por municipio de origen según nacionalidad (española/extranjera) y sexo
101822,2.3.1.2.6. Emigraciones al resto de España según sexo
101821,2.3.1.2.7. Emigraciones al resto de España por grupos de edad según sexo
101820,2.3.1.2.8. Emigraciones al resto de España según nacionalidad (española/extranjera) y sexo
101826,2.3.1.2.9. Emigraciones al extranjero según sexo
101827,2.3.1.2.10. Emigraciones al extranjero por grupos de edad según sexo
101830,2.3.1.2.11. Emigraciones al extranjero por nacionalidad (regiones) según sexo
101863,2.3.1.3.1. Inmigraciones por municipio de destino y lugar de origen según sexo
101864,2.3.1.3.2. Inmigraciones por municipio de destino y grupos de edad según sexo
101865,2.3.1.3.3. Inmigraciones interiores por municipio de destino según sexo
101866,2.3.1.3.4. Inmigraciones interiores por municipio de destino y grupos de edad según sexo
101867,2.3.1.3.5. Inmigraciones interiores por municipio de destino según nacionalidad (española/extranjera) y sexo
101877,2.3.1.3.6. Inmigraciones procedentes del resto de España según sexo
101878,2.3.1.3.7. Inmigraciones procedentes del resto de España por grupos de edad según sexo
101879,2.3.1.3.8. Inmigraciones procedentes del resto de España según nacionalidad (española/extranjera) y sexo
101882,2.3.1.3.9. Inmigraciones procedentes del extranjero según sexo
101883,2.3.1.3.10. Inmigraciones procedentes del extranjero por grupos de edad según sexo
101884,2.3.1.3.11. Inmigraciones procedentes del extranjero por nacionalidad (regiones) según sexo
22637,2.3.2.1.1. Emigraciones por sexo
22640,2.3.2.1.2. Emigraciones por sexo y grupos de edad
22677,2.3.2.1.3. Emigraciones interiores por sexo
22680,2.3.2.1.4. Emigraciones interiores por sexo y grupos de edad
22802,2.3.2.1.5. Emigraciones exteriores por sexo
22817,2.3.2.1.6. Emigraciones exteriores por sexo y grupos de edad
22822,2.3.2.1.7. Emigraciones al extranjero por sexo
22824,2.3.2.1.8. Emigraciones al extranjero por sexo y grupos de edad
22826,2.3.2.1.9. Emigraciones al extranjero por sexo y nacionalidad
22827,2.3.2.2.1. Inmigraciones por sexo
22866,2.3.2.2.2. Inmigraciones por sexo y grupos de edad
22867,2.3.2.2.3. Inmigraciones interiores por sexo
22869,2.3.2.2.4. Inmigraciones interiores por sexo y grupos de edad
22894,2.3.2.2.5. Inmigraciones exteriores por sexo
22968,2.3.2.2.6. Inmigraciones exteriores por sexo y grupos de edad
22874,2.3.2.2.7. Inmigraciones procedentes del extranjero por sexo
22971,2.3.2.2.8. Inmigraciones procedentes del extranjero por sexo y grupos de edad
22974,2.3.2.2.9. Inmigraciones procedentes del extranjero por sexo y nacionalidad
36361,2.4.1. Edad media de la población por sexo (Padrón)
36362,2.4.2. Edad media de la población por nacionalidad (Padrón)
51752,2.4.3. Índice de dependencia
51744,2.4.4. Índice de envejecimiento
19064,3.1.1.1.1. Centros públicos por nivel educativo
18417,3.1.1.1.2. Centros públicos de adultos
18943,3.1.1.2.1. Centros privados concertados por nivel educativo
51470,3.1.1.2.2. Centros privados no concertados por nivel educativo
51471,3.1.1.2.3. Centros extranjeros por nivel educativo
68219,3.1.1.3.1. Centros de Enseñanza de Régimen Especial
18829,3.1.2.1.1. Alumnos en centros públicos por nivel educativo y sexo
18864,3.1.2.1.2. Alumnos en centros públicos de adultos por sexo
18868,3.1.2.2.1. Alumnos en centros privados concertados por nivel educativo y sexo
18894,3.1.2.2.2. Alumnos en centros privados no concertados por nivel educativo y sexo
18895,3.1.2.2.3. Alumnos en centros extranjeros por nivel educativo y sexo
68243,3.1.2.3.1. Alumnos en centros de Enseñanza de Régimen Especial
19072,3.1.3.1.1. Profesores en centros públicos por nivel educativo y sexo
19075,3.1.3.1.2. Profesores en centros públicos de adultos por sexo
19186,3.1.3.2.1. Profesores en centros privados por nivel educativo y sexo
50217,3.1.3.2.2. Profesores en centros privados no concertados por nivel educativo y sexo
50218,3.1.3.2.3. Profesores en centros extranjeros por nivel educativo y sexo
68244,3.1.3.3.1. Profesores en centros de Enseñanza de Régimen Especial
19209,3.1.4.1. Unidades en centros públicos por nivel educativo
28542,3.1.4.2. Unidades en centros privados concertados por nivel educativo
51427,3.1.4.3. Unidades en centros privados no concertados por nivel educativo
40161,3.2.1.1. Recursos de atención primaria
88198,3.2.1.2. Recursos de atención especializada: Centros. Desde 2010
88200,3.2.1.3. Recursos de atención especializada: Camas. Desde 2010
19296,3.2.1.4. Recursos de atención especializada: Centros (1991-2009)
19294,3.2.1.5. Recursos de atención especializada: Camas (1991-2009)
40263,3.2.1.6. Farmacias y número de habitantes por farmacia
40249,3.2.2.1. Defunciones por causa de muerte (10ª revisión de la CIE)
54408,3.2.2.2. Defunciones por causa de muerte y sexo (9ª revisión de la CIE). (1980-1998)
29315,3.3.1.1.1. Edificios e inmuebles
29317,3.3.1.1.2. Edificios por número de inmuebles
29319,3.3.1.1.3. Edificios por número de plantas sobre rasante
29321,3.3.1.1.4. Edificios por número de plantas bajo rasante
29322,3.3.1.1.5. Edificios destinados a viviendas por año de construcción del edificio
29323,3.3.1.1.6. Edificios destinados a viviendas por estado del edificio
29324,3.3.1.1.7. Número de inmuebles en edificios destinados a viviendas por número de plantas sobre rasante
29325,3.3.1.1.8. Número de inmuebles en edificios destinados a viviendas por año de construcción
29326,3.3.1.1.9. Número de inmuebles en edificios destinados a viviendas por accesibilidad al edificio
29372,3.3.1.2.1. Número de edificios según tipo de edificio. Censo 2001
29497,3.3.1.2.2. Edificios destinados a viviendas según instalaciones. Censo 2001
24749,"3.3.1.2.3. Edificios por destino. Censo de edificios (1980,1990)"
24751,"3.3.1.2.4. Edificios por instalaciones y servicios. Censo de edificios (1980, 1990)"
108129,3.3.2.1.1. Viviendas familiares convencionales según tipo de vivienda (principal o no principal)
29500,3.3.2.2.1. Viviendas familiares principales y no principales
29503,3.3.2.2.2. Viviendas familiares clasificadas por tipo. Municipios mayores de 2000 habitantes
38542,3.3.2.3.1. Viviendas clasificadas por tipo. Censo 2001
38404,3.3.2.3.2. Viviendas según su régimen de tenencia. Censo 2001
38432,3.3.2.3.3. Viviendas según número de habitaciones. Censo 2001
38435,3.3.2.3.4. Viviendas según superficie de la vivienda. Censo 2001
38477,"3.3.2.3.5. Viviendas clasificadas por tipo. Censos 1981,1991"
29505,3.3.3.1. Establecimientos colectivos por tipo. Censo 2011
29507,3.3.3.2. Población en establecimientos colectivos por tipo de establecimiento. Municipios con más de 10.000 habitantes
29511,3.3.3.3. Población en establecimientos colectivos por situación de empadronamiento. Municipios con más de 10.000 habitantes
29510,3.3.3.4. Principales indicadores referentes a establecimientos colectivos. Censo 2011
19607,3.4.1.1. Elecciones Generales: Censo electoral
19608,3.4.1.2. Elecciones Generales: Número de votantes
19609,3.4.1.3. Elecciones Generales: Votos y abstenciones
19610,3.4.1.4. Elecciones Generales: Votos a candidaturas
22611,3.4.2.1. Elecciones al Parlamento de Andalucía: Censo electoral
22612,3.4.2.2. Elecciones al Parlamento de Andalucía: Número de votantes
22636,3.4.2.3. Elecciones al Parlamento de Andalucía: Votos y abstenciones
22639,3.4.2.4. Elecciones al Parlamento de Andalucía: Votos a candidaturas
40790,3.4.3.1. Elecciones Locales en Andalucía: Censo electoral
40845,3.4.3.2. Elecciones Locales en Andalucía: Número de votantes
40853,3.4.3.3. Elecciones Locales en Andalucía: Votos y abstenciones
40870,3.4.3.4. Elecciones Locales en Andalucía: Votos a candidaturas
101732,3.4.4.1. Elecciones Europeas en Andalucía: Censo electoral
101733,3.4.4.2. Elecciones Europeas en Andalucía: Número de votantes
101734,3.4.4.3. Elecciones Europeas en Andalucía: Votos y abstenciones
101735,3.4.4.4. Elecciones Europeas en Andalucía:  Votos a candidaturas
1930,"3.5.1.1.1. Cines, pantallas y aforo en salas de cine"
25668,3.5.1.2.1. Número de bibliotecas públicas
25919,3.5.1.2.2. Visitantes a las bibliotecas públicas
25921,3.5.1.2.3. Personas usuarias inscritas en las bibliotecas públicas por sexo y grupos de edad
26015,3.5.1.2.4. Fondos de las bibliotecas públicas de Andalucía por tipo
26037,3.5.1.2.5. Número de préstamos en las bibliotecas públicas por tipo de préstamo
26040,3.5.1.2.6. Actividades culturales organizadas en la biblioteca por tipo de actividad
26169,3.5.1.2.7. Gasto de las bibliotecas públicas por procedencia y tipo
26331,3.5.1.2.8. Personal de las bibliotecas de Andalucía según puesto
23309,3.5.1.3.1. Instalaciones deportivas por tipo (CNID-2005)
23315,3.5.1.3.2. Instalaciones deportivas. Espacios deportivos por tipo (CNID-2005)
23316,3.5.1.3.3. Instalaciones deportivas. Nº de espacios complementarios (CNID-2005)
23320,3.5.1.3.4. Espacios deportivos convencionales por tipo. (1997)
23321,3.5.1.3.5. Espacios deportivos no convencionales por tipo. (1997)
57565,"3.5.2.1. Bienes inmuebles, muebles e inmateriales"
58270,3.6.1.1. Centros de servicios sociales por sector y tipo de centro
19884,3.7.1. Consumo medio diario de agua
19885,3.7.2. Capacidad de los depósitos de agua
19888,3.7.3. Infraestructura viaria por tipo y estado de la vía
19943,3.7.4. Red viaria según titularidad
19944,3.7.5. Instalaciones deportivas por tipo
19945,3.7.6. Centros asistenciales
19946,3.7.7. Residuos urbanos:Contenedores y producción
19947,3.7.8. Alumbrado público:Número de puntos de luz y potencia instalada
90784,4.1.1.1. Superficie destinada a cultivos de regadío y secano
1952,4.1.1.2. Superficie destinada a cultivos herbáceos de secano
1950,4.1.1.3. Superficie destinada a cultivos herbáceos de regadío
1954,4.1.1.4. Superficie destinada a cultivos leñosos de regadío
1956,4.1.1.5. Superficie destinada a cultivos leñosos de secano
1958,4.1.1.6. Distribución general de la tierra por aprovechamiento
109748,4.1.2.1.1. Explotaciones según tamaño de la superficie agrícola utilizada (SAU)
109736,4.1.2.1.2. Explotaciones según personalidad jurídica del titular
109737,4.1.2.1.3. Explotaciones según tamaño de las unidades ganaderas totales (UGT)
109738,4.1.2.1.4. Explotaciones según orientación técnico-económica (OTE) principal
109739,4.1.2.1.5. Explotaciones según producción estándar total (PET)
109740,4.1.2.1.6. Jefes/as de la explotación según sexo y edad
109743,4.1.2.1.7. Jefes/as de la explotación según formación agraria
109751,4.1.2.2.1. Distribución general de la superficie
109782,4.1.2.2.2. Explotaciones según régimen de tenencia de la SAU
109785,4.1.2.2.3. Aprovechamiento de las tierras labradas. Cultivos herbáceos
109786,4.1.2.2.4. Aprovechamiento de las tierras labradas. Cultivos leñosos
109779,4.1.2.2.5. Superficie regable según tamaño de la superficie agrícola utilizada (SAU)
109810,4.1.2.3.1. Explotaciones ganaderas según tipo de ganado
109814,4.1.2.4.1. Explotaciones con superficie agrícola utilizada (SAU) ecológica por tipo de certificación ecológica
109815,4.1.2.4.2. Distribución de la superficie agrícola utilizada (SAU) ecológica según tipo de cultivo
109818,4.1.2.4.3. Peso de la agricultura ecológica respecto al total de agricultura
109817,4.1.2.4.4. Explotaciones con ganado ecológico por tipo de ganado
29275,4.1.3.1. Número y superficie del total de explotaciones y de las explotaciones con superficie agraria utilizada (SAU)
29277,4.1.3.2. Explotaciones con superficie agraria utilizada (SAU) por tamaño de la SAU
29280,4.1.3.3. Número de explotaciones según forma jurídica del titular
29278,4.1.3.4. Distribución general de la superficie
29279,4.1.3.5. Número y SAU de las explotaciones según régimen tenencia
29281,4.1.3.6. Aprovechamiento de las tierras labradas
29282,4.1.3.7. Aprovechamiento de las tierras labradas. Cultivos herbáceos
29284,4.1.3.8. Aprovechamiento de las tierras labradas. Cultivos Leñosos
29285,4.1.3.9. Superficie regable
29286,4.1.3.10. Producción ecológica
29288,4.1.3.11. Distribución de las explotaciones de agricultura ecológica certificada: Número de explotaciones
29290,4.1.3.12. Distribución de las explotaciones de agricultura ecológica certificada: Superficie
29291,4.1.3.13. Titulares persona física por sexo
29292,4.1.3.14. Titulares persona física por edad del titular
29293,4.1.3.15. Unidades de trabajo año en la explotación
29300,4.1.3.16. Ganadería: Número de explotaciones
29301,4.1.3.17. Ganadería:Número de cabezas
29302,4.1.3.18. Ganadería: Unidades ganaderas
29303,4.1.3.19. Ganadería de producción ecológica
1962,4.1.4.1. Superficie de las explotaciones agrarias (1999)
1964,4.1.4.2. Distribución de la superficie de las explotaciones agrarias (1999)
1966,4.1.4.3. Superficie de tierras labradas por aprovechamiento (1999)
1960,"4.1.4.4. Superficie de las explotaciones agrarias por aprovechamiento (1982, 1989)"
1968,"4.1.4.5. Superficie de las explotaciones agrarias por régimen de tenencia (1982, 1989, 1999)"
1971,"4.1.4.6. S.A.U. de explotaciones agrarias por régimen de tenencia (1982, 1989, 1999)"
1980,"4.1.4.7. Explotaciones agrarias con SAU por tamaño de SAU (1982, 1989, 1999)"
1982,"4.1.4.8. Explotaciones agrarias por tamaño de explotación (1982, 1989, 1999)"
1984,"4.1.4.9. Explotaciones agrarias por soporte territorial (1982, 1989, 1999)"
1986,4.1.4.10. Explotaciones con agricultura ecológica (1999)
1988,"4.1.4.11. Máquinas por tipo (1982, 1989, 1999)"
1993,"4.1.4.12.  Titulares de explotaciones agrícolas por edad (1982, 1989, 1999)"
1995,"4.1.4.13. Empresarios por ocupación principal (1989, 1999)"
1997,"4.1.4.14. Unidades de trabajo año en explotaciones agrarias (1982, 1989, 1999)"
24795,4.1.4.15. Unidades ganaderas por tipo (1999)
24797,4.1.4.16. Cabezas de ganado por tipo (1999)
40903,4.2.1. Pesca fresca subastada en las principales lonjas en Andalucía
39837,4.3.1. Consumo de energía eléctrica por sectores
114675,4.3.2. Número de contratos de energía eléctrica por sectores
117503,4.4.1.1.1. Total de establecimientos de alojamientos turísticos por tipo de alojamiento
117646,4.4.1.1.2. Total de plazas en alojamientos turísticos por tipo de alojamiento
117647,4.4.1.2.1. Hoteles: establecimientos y plazas por categoría
117649,4.4.1.2.2. Hoteles-Apartamento: establecimientos y plazas por categoría
117650,4.4.1.2.3. Hostales y pensiones: establecimientos y plazas por categoría
117651,4.4.1.3.1. Apartamentos y plazas en apartamentos por categoría
117652,4.4.1.4.1. Otros alojamientos reglados: establecimientos y plazas por categoría
117653,4.4.1.5.1. Vviviendas con fines turísticos: establecimientos y plazas
16679,4.4.2.1. Establecimientos hoteleros por clase y categoría (1988-2014)
16681,4.4.2.2. Plazas en establecimientos hoteleros por clase y categoría (1988-2014)
16752,4.4.2.3. Apartamentos por categorías (1988-2014)
16754,4.4.2.4. Plazas en apartamentos por categorías (1988-2014)
16718,4.4.2.5. Campamentos turísticos por categorías (1988-2014)
16722,4.4.2.6. Plazas en campamentos turísticos por categoría (1988-2014)
16766,4.4.2.7. Establecimientos turísticos rurales (2000-2014)
37291,4.4.2.8. Plazas en establecimientos turísticos rurales (2000-2014)
23400,4.4.2.9. Restaurantes por categorías. (1988-2009)
23429,4.4.2.10. Plazas en restaurantes por categoría. (1988-2003)
23432,4.4.2.11. Cafeterías por categorías. (1988-2009)
23433,4.4.2.12. Plazas en cafeterías por categorías. (1988-2003)
114220,"4.4.3.1. Viviendas turísticas, plazas y plazas por vivienda turística"
87775,4.5.1. Índice de alquiler de vivienda. Viviendas unifamiliares
102084,4.5.2. Indice de alquiler de vivienda. Viviendas colectivas
24840,4.5.3. Transacciones inmobiliarias según régimen de protección
24842,4.5.4. Transacciones inmobiliarias según antigüedad de la vivienda
113255,4.5.5. Valor tasado de la vivienda libre (municipios de más de 25.000 habitantes)
38291,4.5.6. Actuaciones protegidas de vivienda y suelo
24844,4.5.7. Viviendas libres de nueva planta. (1999-2002)
1231,4.6.1.1.1. Parque de vehículos por tipo
1251,4.6.1.1.2. Parque de vehículos por tipo de carburante
1253,4.6.1.1.3. Parque de turismos por tipo de carburante
96216,4.6.1.1.4. Parque de motocicletas por tipo de carburante
96217,4.6.1.1.5. Parque de camiones y furgonetas por tipo de carburante
96218,4.6.1.1.6. Parque de autobuses por tipo de carburante
96219,4.6.1.1.7. Parque de ciclomotores por tipo de carburante
96220,4.6.1.1.8. Parque de otros vehículos por tipo de carburante
1999,4.6.1.1.9. Parque de turismos según cilindrada
2004,4.6.1.1.10. Parque de vehículos por tipo y servicio (1991-2003)
2006,4.6.1.1.11. Parque de camiones por carga (1991-2003)
1274,4.6.1.2.1. Vehículos matriculados por mes
1269,4.6.1.2.2. Vehículos matriculados por tipo de carrocería
40953,4.6.1.3.1. Permisos y licencias vigentes por sexo
112605,4.6.1.3.2. Permisos vigentes por sexo y grupos de edad
112607,4.6.1.3.3. Licencias vigentes por sexo y grupos de edad
1310,4.6.2.1. Autorizaciones de transporte por tipo
1312,4.6.2.2. Autorizaciones de transporte público de mercancías según tipo
1329,4.6.2.3. Autorizaciones de transporte privado de mercancías según tipo
1331,4.6.2.4. Autorizaciones de transporte de viajeros según tipo de servicio
1332,4.6.2.5. Autorizaciones de transporte de viajeros según tipo de licencia
1333,4.6.2.6. Autorizaciones de transporte público de viajeros según número de viajeros
72860,4.7.1. Cobertura de banda ancha por tipo de tecnología
82401,4.7.2. Cobertura de banda ancha según velocidad
28881,4.7.3. Líneas de la compañía Telefónica en servicio según tipo de línea (1988-2013)
23453,4.8.1. Inversiones en el Registro Industrial según sector económico (1998-2012)
37169,4.9.1. Oficinas de entidades de crédito por tipo
114200,4.9.2. Cajeros automáticos
22418,4.10.1.1.1. Número de empresas
22419,4.10.1.1.2. Empresas por actividad económica según CNAE 09
22673,4.10.1.1.3. Empresas por actividad económica (CNAE-93)
22455,4.10.1.1.4. Empresas según forma jurídica
22456,4.10.1.1.5. Empresas según tramo de empleo asalariado
22457,4.10.1.1.6. Empresas según tramo de empleo
22587,4.10.1.1.7. Empresas según tramo de empleo. Serie completa desde 1998
28970,4.10.1.2.1. Sociedades mercantiles constituidas por sector de actividad
67776,4.10.1.2.2. Sociedades mercantiles constituidas según forma jurídica
67367,4.10.1.3.1. Empresas inscritas en la Seguridad Social según actividad económica
67368,4.10.1.3.2. Empresas inscritas en la Seguridad Social según tamaño de empresa
67369,4.10.1.3.3. Empresas inscritas en la Seguridad Social según forma jurídica
22590,4.10.2.1.1. Número de establecimientos
22591,4.10.2.1.2. Establecimientos por actividad económica según CNAE 09
22671,4.10.2.1.3. Establecimientos por actividad económica según CNAE 93. (1998-2009)
22608,4.10.2.1.4. Establecimientos según forma jurídica
22609,4.10.2.1.5. Establecimientos según tramo de empleo asalariado
22610,4.10.2.1.6. Establecimientos según tramo de empleo
22669,4.10.2.1.7. Establecimientos según tramo de empleo. Serie completa desde 1998
52132,4.10.3.1.1. Número de sociedades cooperativas constituidas y capital
52168,4.10.3.1.2. Sociedades cooperativas constituidas: número de socios iniciales por sexo y tipo
23573,"4.10.3.1.3. Cooperativas, socios y trabajadores (1996 y 2001)"
23579,"4.10.3.1.4. Cooperativas, socios y trabajadores por actividad económica (2001)"
52195,4.10.3.2.1. Número de sociedades laborales limitadas registradas y capital
52206,4.10.3.2.2. Sociedades laborales limitadas registradas: número de socios iniciales por sexo y tipo
23595,"4.10.3.2.3. Sociedades Laborales por tipo, socios y trabajadores (1996 y 2001)"
23601,"4.10.3.2.4. Sociedades Anónimas Laborales, socios y trabajadores por actividad económica (1996 y 2001)"
41486,"4.10.3.2.5. Sociedades Limitadas Laborales, socios y trabajadores por actividad económica (2001)"
87678,"4.10.4.1. Número de espacios productivos, superficie y número de establecimientos"
87673,4.10.4.2. Número de espacios productivos por tipo
87674,4.10.4.3. Número de espacios productivos según estado
87675,4.10.4.4. Superficie de las parcelas de los espacios productivos por tipo
87676,4.10.4.5. Número de establecimientos en espacios productivos por actividad
87677,4.10.4.6. Número de establecimientos en espacios productivos por estrato de asalariados
31646,5.1.1.1. Población de más de 16 años por nivel de estudios completados (Censo 2011)
41040,5.2.1.1. Población activa que reside en viviendas familiares por sexo (Censo 2011)
31642,5.2.1.2. Población inactiva que reside en viviendas familiares por sexo (Censo 2011)
31643,5.2.1.3. Población inactiva que reside en viviendas familiares por situación (Censo 2011)
23890,5.2.1.4. Población activa por sexo (Censo 2001)
23909,"5.2.1.5. Tasa de actividad por sexo (Censos 1981, 1986, 1991, 2001)"
31692,5.3.1.1. Población ocupada que reside en viviendas familiares por sexo (Censo 2011)
23896,5.3.1.2. Población ocupada por sexo (Censo 2001)
26608,5.3.1.3. Población ocupada por actividad económica y sexo (Censo 2001)
26688,5.3.1.4. Población ocupada por situación profesional y sexo (Censo 2001)
23910,5.3.1.5. Tasa de empleo por sexo (Censo 2001)
23911,5.3.1.6. Tasa de ocupación por sexo (Censo 2001)
37125,5.3.2.1. Contratos registrados por sexo
37127,5.3.2.2. Contratos registrados por edad y sexo
37133,5.3.2.3. Contratos registrados por tipo de contrato y sexo
37216,"5.3.2.4. Contratos registrados por tipo de contrato, tipo de jornada y sexo"
37138,5.3.2.5. Contratos registrados por nacionalidad (española/extranjera) y sexo
37139,5.3.2.6. Contratos registrados a españoles por tipo de contrato y sexo
37141,5.3.2.7. Contratos registrados a extranjeros por tipo de contrato y sexo
37143,5.3.2.8. Contratos registrados por nivel educativo y sexo
37145,5.3.2.9. Contratos registrados a españoles por nivel educativo y sexo
37146,5.3.2.10. Contratos registrados a extranjeros por nivel educativo y sexo
37147,5.3.2.11. Contratos registrados por sector de actividad y sexo
37148,5.3.2.12. Contratos registrados a españoles por sector de actividad y sexo
37149,5.3.2.13. Contratos registrados a extranjeros por sector de actividad y sexo
49400,"5.3.3.1.1. Afiliaciones según municipio de trabajo, por régimen y sexo"
49401,"5.3.3.1.2. Afiliaciones según municipio de trabajo, por nacionalidad"
49402,"5.3.3.1.3. Afiliaciones según municipio de trabajo, por relación laboral y sexo"
49483,"5.3.3.2.1. Afiliaciones según municipio de residencia, por régimen y sexo"
49484,"5.3.3.2.2. Afiliaciones según municipio de residencia, por relación laboral y sexo"
31641,5.4.1.1. Población parada que reside en viviendas familiares por sexo (Censo 2011)
31598,5.4.1.2. Población parada que reside viviendas familiares según hayan o no trabajado antes (Censo 2011)
23898,5.4.1.3. Población parada por sexo (Censo 2001)
23912,5.4.1.4. Tasa de paro por sexo (Censo 2001)
37015,5.4.2.1. Paro registrado por sexo
37016,5.4.2.2. Paro registrado por edad y sexo
37017,5.4.2.3. Paro registrado por nivel de estudios terminados y sexo
37028,5.4.2.4. Paro registrado por nacionalidad y sexo
37093,5.4.2.5. Paro registrado por grupo principal de ocupación solicitado (CNO 11) y sexo
37084,5.4.2.6. Paro registrado por grupo principal de ocupación solicitado (CNO 94) y sexo (2006-2010)
37054,5.4.2.7. Paro registrado por sectores de actividad según CNAE 09 y sexo
37083,5.4.2.8. Paro registrado por sectores de actividad según CNAE 93 y sexo (2006-2008)
37056,5.4.2.9. Paro registrado según duración de la demanda y sexo
37057,5.4.2.10. Paro registrado según ámbito de búsqueda y sexo
23651,5.4.2.11. Paro registrado por grupos de edad y sexo (1997-2004)
23652,5.4.2.12. Paro registrado por nivel estudios terminados (1997-2004)
23688,5.4.2.13. Paro registrado por grupos de ocupación solicitada (1997-2004)
23691,5.4.2.14. Paro registrado por secciones de actividad (1997-2004)
37061,5.4.3.1. Trabajadores eventuales agrarios subsidiados (TEAS) por sexo
26166,5.4.4.1. Demandantes no ocupados
100946,5.4.5.1. Tasa municipal de desempleo según sexo. Media anual
117866,5.4.5.2. Paro registrado de larga duración
46118,5.5.1.1. Número de pensiones y pensión media según grupos de edad y sexo
46119,5.5.1.2. Número de pensiones y pensión media por clase de pensión
46120,5.5.1.3. Número de pensiones de jubilación y pensión media por sexo
46121,5.5.1.4. Número de pensionistas y pensión media según grupos de edad y sexo
46122,5.5.1.5. Número de pensionistas con pensiones de jubilación y pensión media por sexo
46123,5.5.1.6. Número de pensionistas según tramo de ingresos percibidos en pensiones
31777,5.5.2.1. Pensiones no contributivas de la Seguridad Social
31771,5.5.2.2. Importe de pensiones no contributivas de la Seguridad Social
1340,6.1.1.1. Presupuesto liquidado de ingresos por capítulos
1341,6.1.1.2. Presupuesto liquidado de gastos por capítulos
1342,6.1.1.3. Superávit o déficit del presupuesto corriente
1343,6.1.1.4. Ingresos y gastos por habitante
1344,6.1.1.5. Ingresos fiscales por habitante
1345,6.1.1.6. Carga financiera
1346,6.1.1.7. Ahorro bruto y Ahorro neto
110837,6.2.1. Número titulares catastrales según naturaleza del bien
115091,6.2.2. Número de piscinas por tipo
110869,6.2.3.1. Principales variables del catastro urbano
2513,6.2.3.2. Número de bienes inmuebles y valor catastral por uso
2590,6.2.3.3. Número de parcelas urbanas y superficie total según tipo de parcela
20943,6.2.3.4. Número de parcelas urbanas edificadas por propiedad
110748,6.2.3.5. Número de parcelas urbanas edificadas según tramo de superficie
2670,6.2.3.6. Número de parcelas urbanas sin edificar según tramo de superficie
45940,6.2.3.7. Bienes inmuebles por antigüedad de las construcciones
23850,6.2.3.8. Bienes inmuebles según calidad constructiva
110860,6.2.4.1. Principales variables del catastro rústico
2517,6.2.5.1. I.B.I. de naturaleza urbana
2573,6.2.5.2. I.B.I. de naturaleza rústica
24078,6.3.1. IAE: Actividades empresariales por divisiones
24080,6.3.2. IAE: Actividades profesionales por divisiones
24082,6.3.3. IAE: Actividades artísticas por agrupaciones
105703,6.4.1.1. Número de declaraciones
105702,6.4.1.2. Resumen de datos económicos y tributarios del IRPF
105037,6.4.1.3. Renta bruta y renta disponible (municipios de más de 1.000 hab)
117343,6.4.2.1. Indicadores de renta media y mediana
117314,6.4.2.2. Renta bruta media por persona según fuente de ingresos
117495,6.4.2.3. Indicadores demograficos
